Model,Threshold,Precision_Mean,Precision_STD,Recall_Mean,Recall_STD,F1_Mean,F1_STD,Specificity_Mean,Accuracy_Mean,TP_Mean,FN_Mean,FP_Mean,TN_Mean,ROC_AUC_Mean,ROC_AUC_STD,PR_AUC_Mean,PR_AUC_STD
RF + SMOTE | 26 Features,0.05,0.042084930864628535,0.012172523620168024,0.4944444444444444,0.17769993506496987,0.07728865604711574,0.02225763623489886,0.7592857142857142,0.7537296037296036,2.966666666666667,3.033333333333333,67.4,212.6,0.6755853174603175,0.08159769938038743,0.2037142016627617,0.12102192836386595
RF + SMOTE | 26 Features,0.1,0.0625928944135893,0.02591192988357493,0.40555555555555556,0.18918727840176697,0.10761045186954352,0.04441089310299192,0.8685714285714285,0.8588578088578089,2.433333333333333,3.566666666666667,36.8,243.2,0.6755853174603175,0.08159769938038743,0.2037142016627617,0.12102192836386595
RF + SMOTE | 26 Features,0.15,0.08294828517030488,0.03718278515966937,0.35,0.1714821572881541,0.13282657135567416,0.059136417584465306,0.915595238095238,0.9037296037296038,2.1,3.9,23.633333333333333,256.3666666666667,0.6755853174603175,0.08159769938038743,0.2037142016627617,0.12102192836386595
RF + SMOTE | 26 Features,0.2,0.11048820869275618,0.057878552351092814,0.3222222222222222,0.15740552925030812,0.1622067822487655,0.0803078983773639,0.9426190476190476,0.9296037296037295,1.9333333333333333,4.066666666666666,16.066666666666666,263.93333333333334,0.6755853174603175,0.08159769938038743,0.2037142016627617,0.12102192836386595
RF + SMOTE | 26 Features,0.25,0.14410517443799176,0.07832914164861121,0.28888888888888886,0.15119785655328935,0.1877718524477173,0.09557208325679256,0.9614285714285714,0.9473193473193473,1.7333333333333334,4.266666666666667,10.8,269.2,0.6755853174603175,0.08159769938038743,0.2037142016627617,0.12102192836386595
RF + SMOTE | 26 Features,0.3,0.1843770118770119,0.1285120233993335,0.24444444444444444,0.12934652537689348,0.2008642966176506,0.10907167996184561,0.9736904761904762,0.9583916083916084,1.4666666666666666,4.533333333333333,7.366666666666666,272.6333333333333,0.6755853174603175,0.08159769938038743,0.2037142016627617,0.12102192836386595
RF + SMOTE | 26 Features,0.35,0.2581902356902357,0.2184962698164094,0.2222222222222222,0.13371592618095898,0.21988341179517648,0.13167228478601942,0.9828571428571429,0.9668997668997669,1.3333333333333333,4.666666666666667,4.8,275.2,0.6755853174603175,0.08159769938038743,0.2037142016627617,0.12102192836386595
RF + SMOTE | 26 Features,0.4,0.32195360195360195,0.2699754897265971,0.17777777777777776,0.11524863454725345,0.20977182661393187,0.13143880670512742,0.9895238095238096,0.9724941724941725,1.0666666666666667,4.933333333333334,2.933333333333333,277.06666666666666,0.6755853174603175,0.08159769938038743,0.2037142016627617,0.12102192836386595
RF + SMOTE | 26 Features,0.45,0.3938888888888889,0.33771497576081666,0.15,0.10123755304033119,0.2041053391053391,0.13923024278112792,0.9926190476190476,0.9749417249417249,0.9,5.1,2.066666666666667,277.93333333333334,0.6755853174603175,0.08159769938038743,0.2037142016627617,0.12102192836386595
RF + SMOTE | 26 Features,0.5,0.4069444444444444,0.40702689983623164,0.1111111111111111,0.09111204559842234,0.16605820105820107,0.1395322005514078,0.995952380952381,0.9773892773892775,0.6666666666666666,5.333333333333333,1.1333333333333333,278.8666666666667,0.6755853174603175,0.08159769938038743,0.2037142016627617,0.12102192836386595
RF Class Weight | 26 Features,0.05,0.04437452701185225,0.015027772710231443,0.4888888888888889,0.18010923321032646,0.08123497761313157,0.02754543073965434,0.7741666666666667,0.7681818181818182,2.933333333333333,3.066666666666667,63.233333333333334,216.76666666666668,0.7143551587301588,0.09668608437613022,0.19961499901262228,0.08405548141996155
RF Class Weight | 26 Features,0.1,0.06859451813230848,0.027524914738057984,0.4222222222222222,0.1790424366600266,0.1173331528167742,0.04635164225546458,0.8751190476190477,0.8656177156177155,2.533333333333333,3.466666666666667,34.96666666666667,245.03333333333333,0.7143551587301588,0.09668608437613022,0.19961499901262228,0.08405548141996155
RF Class Weight | 26 Features,0.15,0.0941904863719235,0.03979227199996776,0.36666666666666664,0.18257418583505536,0.1482228213529762,0.06336597347382779,0.9238095238095239,0.9121212121212121,2.2,3.8,21.333333333333332,258.6666666666667,0.7143551587301588,0.09668608437613022,0.19961499901262228,0.08405548141996155
RF Class Weight | 26 Features,0.2,0.12371384195581037,0.06137899061727344,0.3277777777777777,0.18301086233979405,0.17686675352843587,0.08899140426389587,0.950595238095238,0.9375291375291376,1.9666666666666666,4.033333333333333,13.833333333333334,266.1666666666667,0.7143551587301588,0.09668608437613022,0.19961499901262228,0.08405548141996155
RF Class Weight | 26 Features,0.25,0.1637078613394403,0.07442398006788165,0.28888888888888886,0.13081920879415018,0.20239778888695298,0.08399981075799648,0.9666666666666667,0.9524475524475524,1.7333333333333334,4.266666666666667,9.333333333333334,270.6666666666667,0.7143551587301588,0.09668608437613022,0.19961499901262228,0.08405548141996155
RF Class Weight | 26 Features,0.3,0.18717051467051468,0.09758952192100286,0.2111111111111111,0.09721538016427911,0.18840985811574046,0.07761491165794641,0.978095238095238,0.962004662004662,1.2666666666666666,4.733333333333333,6.133333333333334,273.8666666666667,0.7143551587301588,0.09668608437613022,0.19961499901262228,0.08405548141996155
RF Class Weight | 26 Features,0.35,0.2284944684944685,0.13106669297881468,0.17777777777777776,0.0868050766270313,0.18866065307241778,0.0814820964130773,0.9852380952380952,0.9682983682983684,1.0666666666666667,4.933333333333334,4.133333333333334,275.8666666666667,0.7143551587301588,0.09668608437613022,0.19961499901262228,0.08405548141996155
RF Class Weight | 26 Features,0.4,0.26452380952380955,0.20554738219523142,0.15555555555555553,0.0868050766270313,0.18273356273356273,0.09477348417377181,0.9885714285714287,0.9710955710955711,0.9333333333333333,5.066666666666666,3.2,276.8,0.7143551587301588,0.09668608437613022,0.19961499901262228,0.08405548141996155
RF Class Weight | 26 Features,0.45,0.32896825396825397,0.29330174598371633,0.13333333333333333,0.0918102324032913,0.1777167277167277,0.11728646156670353,0.9932142857142857,0.9751748251748252,0.8,5.2,1.9,278.1,0.7143551587301588,0.09668608437613022,0.19961499901262228,0.08405548141996155
RF Class Weight | 26 Features,0.5,0.4222222222222222,0.3541849781157591,0.13333333333333333,0.0918102324032913,0.19177248677248676,0.12588320715096826,0.9953571428571429,0.9772727272727272,0.8,5.2,1.3,278.7,0.7143551587301588,0.09668608437613022,0.19961499901262228,0.08405548141996155
RF Class Weight | 8 Features,0.05,0.04852444627418985,0.01807087950301794,0.5055555555555555,0.18301086233979405,0.08834045261288513,0.03242776848812276,0.7847619047619048,0.7789044289044289,3.033333333333333,2.966666666666667,60.266666666666666,219.73333333333332,0.7211805555555556,0.07992972609661829,0.1931963972252032,0.07054146809425266
RF Class Weight | 8 Features,0.1,0.06584998790016516,0.022952611371246566,0.39444444444444443,0.16071757988880028,0.11216485590296785,0.03889944241821914,0.8789285714285715,0.8687645687645688,2.3666666666666667,3.6333333333333333,33.9,246.1,0.7211805555555556,0.07992972609661829,0.1931963972252032,0.07054146809425266
RF Class Weight | 8 Features,0.15,0.08125077628861031,0.033950687978069626,0.3277777777777778,0.1607175798888003,0.12871084693106663,0.05391681395783137,0.9201190476190476,0.9076923076923077,1.9666666666666666,4.033333333333333,22.366666666666667,257.6333333333333,0.7211805555555556,0.07992972609661829,0.1931963972252032,0.07054146809425266
RF Class Weight | 8 Features,0.2,0.10472419773400166,0.03998201598596868,0.27777777777777773,0.11852650036979326,0.14939314263144735,0.0551172410039655,0.9477380952380953,0.9336829836829836,1.6666666666666667,4.333333333333333,14.633333333333333,265.3666666666667,0.7211805555555556,0.07992972609661829,0.1931963972252032,0.07054146809425266
RF Class Weight | 8 Features,0.25,0.12245965091553328,0.04882425439435485,0.23888888888888887,0.12132200696576771,0.1582962252280689,0.06518208149717575,0.9630952380952381,0.9479020979020979,1.4333333333333333,4.566666666666666,10.333333333333334,269.6666666666667,0.7211805555555556,0.07992972609661829,0.1931963972252032,0.07054146809425266
RF Class Weight | 8 Features,0.3,0.15172258297258298,0.07411385169676553,0.2222222222222222,0.11852650036979326,0.1727444178914767,0.07686864790827178,0.9720238095238095,0.9562937062937064,1.3333333333333333,4.666666666666667,7.833333333333333,272.1666666666667,0.7211805555555556,0.07992972609661829,0.1931963972252032,0.07054146809425266
RF Class Weight | 8 Features,0.35,0.19654715654715654,0.10796876240870368,0.19444444444444445,0.09868224998612665,0.18626069722044955,0.0846878768733178,0.9807142857142856,0.9642191142191142,1.1666666666666667,4.833333333333333,5.4,274.6,0.7211805555555556,0.07992972609661829,0.1931963972252032,0.07054146809425266
RF Class Weight | 8 Features,0.4,0.23736772486772487,0.14925001702253088,0.17777777777777776,0.09721538016427911,0.19472305472305473,0.10058139376653537,0.986904761904762,0.9699300699300699,1.0666666666666667,4.933333333333334,3.6666666666666665,276.3333333333333,0.7211805555555556,0.07992972609661829,0.1931963972252032,0.07054146809425266
RF Class Weight | 8 Features,0.45,0.3080952380952381,0.20875980276529768,0.1722222222222222,0.09267556946125594,0.20932733932733932,0.10524009918014295,0.9904761904761905,0.9733100233100234,1.0333333333333334,4.966666666666667,2.6666666666666665,277.3333333333333,0.7211805555555556,0.07992972609661829,0.1931963972252032,0.07054146809425266
RF Class Weight | 8 Features,0.5,0.34388888888888886,0.2512605512674919,0.15555555555555553,0.0868050766270313,0.2041317941317941,0.10983418268453082,0.9928571428571428,0.9752913752913753,0.9333333333333333,5.066666666666666,2.0,278.0,0.7211805555555556,0.07992972609661829,0.1931963972252032,0.07054146809425266
