Model,Split,ROC_AUC,PR_AUC,Precision_050,Recall_050,F1_050
RF + SMOTE | 26 Features,1,0.5532738095238096,0.1867121816799299,1.0,0.16666666666666666,0.2857142857142857
RF + SMOTE | 26 Features,2,0.7178571428571429,0.4106404720782959,1.0,0.3333333333333333,0.5
RF + SMOTE | 26 Features,3,0.5404761904761903,0.1031964489411298,0.0,0.0,0.0
RF + SMOTE | 26 Features,4,0.7354166666666667,0.36725088287588287,0.0,0.0,0.0
RF + SMOTE | 26 Features,5,0.749107142857143,0.3722666752863487,1.0,0.16666666666666666,0.2857142857142857
RF + SMOTE | 26 Features,6,0.7455357142857143,0.1890892967513635,0.3333333333333333,0.16666666666666666,0.2222222222222222
RF + SMOTE | 26 Features,7,0.5589285714285714,0.1932717426251909,1.0,0.16666666666666666,0.2857142857142857
RF + SMOTE | 26 Features,8,0.8491071428571428,0.4998277648277648,0.0,0.0,0.0
RF + SMOTE | 26 Features,9,0.5720238095238095,0.18924629597625378,0.3333333333333333,0.16666666666666666,0.2222222222222222
RF + SMOTE | 26 Features,10,0.6223214285714286,0.08429484394285072,0.0,0.0,0.0
RF + SMOTE | 26 Features,11,0.6306547619047618,0.21131642489910205,0.5,0.16666666666666666,0.25
RF + SMOTE | 26 Features,12,0.7157738095238095,0.3568646800354117,0.5,0.16666666666666666,0.25
RF + SMOTE | 26 Features,13,0.5904761904761904,0.08396482094086885,0.25,0.16666666666666666,0.2
RF + SMOTE | 26 Features,14,0.68125,0.23373228713034538,0.5,0.16666666666666666,0.25
RF + SMOTE | 26 Features,15,0.7449404761904761,0.2087102845773366,0.0,0.0,0.0
RF + SMOTE | 26 Features,16,0.6205357142857143,0.19280382807110316,1.0,0.16666666666666666,0.2857142857142857
RF + SMOTE | 26 Features,17,0.6794642857142857,0.22200850641181458,0.3333333333333333,0.16666666666666666,0.2222222222222222
RF + SMOTE | 26 Features,18,0.7973214285714287,0.1071886446886447,0.0,0.0,0.0
RF + SMOTE | 26 Features,19,0.6541666666666668,0.19533439774511202,1.0,0.16666666666666666,0.2857142857142857
RF + SMOTE | 26 Features,20,0.7797619047619049,0.16693299820234803,0.3333333333333333,0.16666666666666666,0.2222222222222222
RF + SMOTE | 26 Features,21,0.6520833333333333,0.07924596880782447,0.0,0.0,0.0
RF + SMOTE | 26 Features,22,0.6244047619047618,0.08734270472075349,0.0,0.0,0.0
RF + SMOTE | 26 Features,23,0.6651785714285714,0.25475053708321427,0.5,0.16666666666666666,0.25
RF + SMOTE | 26 Features,24,0.8017857142857142,0.35901086043679875,1.0,0.16666666666666666,0.2857142857142857
RF + SMOTE | 26 Features,25,0.699702380952381,0.06007671181795285,0.0,0.0,0.0
RF + SMOTE | 26 Features,26,0.6639880952380952,0.09028436660730971,0.125,0.16666666666666666,0.14285714285714285
RF + SMOTE | 26 Features,27,0.6622023809523809,0.36514322461527426,1.0,0.16666666666666666,0.2857142857142857
RF + SMOTE | 26 Features,28,0.575595238095238,0.10715273136702023,0.5,0.16666666666666666,0.25
RF + SMOTE | 26 Features,29,0.7675595238095239,0.0972508489749869,0.0,0.0,0.0
RF + SMOTE | 26 Features,30,0.6166666666666667,0.03651461776461776,0.0,0.0,0.0
RF Class Weight | 26 Features,1,0.6312500000000001,0.19323622120242895,0.5,0.16666666666666666,0.25
RF Class Weight | 26 Features,2,0.7797619047619048,0.3150710698877908,0.3333333333333333,0.3333333333333333,0.3333333333333333
RF Class Weight | 26 Features,3,0.5785714285714284,0.11001008502383791,0.0,0.0,0.0
RF Class Weight | 26 Features,4,0.7592261904761906,0.26717329605260637,1.0,0.16666666666666666,0.2857142857142857
RF Class Weight | 26 Features,5,0.8175595238095238,0.2652403213622879,0.3333333333333333,0.16666666666666666,0.2222222222222222
RF Class Weight | 26 Features,6,0.7922619047619047,0.2993737624902151,1.0,0.16666666666666666,0.2857142857142857
RF Class Weight | 26 Features,7,0.5452380952380952,0.19384107955536525,1.0,0.16666666666666666,0.2857142857142857
RF Class Weight | 26 Features,8,0.8907738095238096,0.2877994109521203,0.5,0.16666666666666666,0.25
RF Class Weight | 26 Features,9,0.5758928571428572,0.18746467404529102,1.0,0.16666666666666666,0.2857142857142857
RF Class Weight | 26 Features,10,0.6297619047619047,0.08712871621220078,0.0,0.0,0.0
RF Class Weight | 26 Features,11,0.6857142857142857,0.2095306423748563,0.5,0.16666666666666666,0.25
RF Class Weight | 26 Features,12,0.7419642857142857,0.41465259886312517,0.6666666666666666,0.3333333333333333,0.4444444444444444
RF Class Weight | 26 Features,13,0.6375,0.19509258720787276,0.25,0.16666666666666666,0.2
RF Class Weight | 26 Features,14,0.7642857142857142,0.261004011004011,1.0,0.16666666666666666,0.2857142857142857
RF Class Weight | 26 Features,15,0.7973214285714286,0.17973064004039735,0.5,0.16666666666666666,0.25
RF Class Weight | 26 Features,16,0.6282738095238095,0.1926674136715763,0.3333333333333333,0.16666666666666666,0.2222222222222222
RF Class Weight | 26 Features,17,0.7904761904761904,0.24335337647497357,0.5,0.16666666666666666,0.25
RF Class Weight | 26 Features,18,0.7976190476190477,0.13293632656377755,0.0,0.0,0.0
RF Class Weight | 26 Features,19,0.6854166666666667,0.19778710005020342,0.5,0.16666666666666666,0.25
RF Class Weight | 26 Features,20,0.7827380952380953,0.2664733756612986,0.3333333333333333,0.16666666666666666,0.2222222222222222
RF Class Weight | 26 Features,21,0.74375,0.13512364828154302,0.0,0.0,0.0
RF Class Weight | 26 Features,22,0.6595238095238094,0.12302130236912845,0.3333333333333333,0.16666666666666666,0.2222222222222222
RF Class Weight | 26 Features,23,0.7383928571428572,0.2147929485380063,0.3333333333333333,0.16666666666666666,0.2222222222222222
RF Class Weight | 26 Features,24,0.825595238095238,0.18057957331213143,0.5,0.16666666666666666,0.25
RF Class Weight | 26 Features,25,0.6586309523809524,0.0567729812504367,0.0,0.0,0.0
RF Class Weight | 26 Features,26,0.7130952380952382,0.14404425923335212,0.25,0.16666666666666666,0.2
RF Class Weight | 26 Features,27,0.6148809523809522,0.2399628257140095,1.0,0.16666666666666666,0.2857142857142857
RF Class Weight | 26 Features,28,0.5776785714285714,0.06687035187035187,0.0,0.0,0.0
RF Class Weight | 26 Features,29,0.9223214285714286,0.27948636330989274,0.0,0.0,0.0
RF Class Weight | 26 Features,30,0.6651785714285714,0.04822900780357987,0.0,0.0,0.0
RF Class Weight | 8 Features,1,0.5967261904761905,0.18915377525476432,0.2,0.16666666666666666,0.18181818181818182
RF Class Weight | 8 Features,2,0.7821428571428571,0.2960983617041343,0.3333333333333333,0.16666666666666666,0.2222222222222222
RF Class Weight | 8 Features,3,0.5836309523809524,0.03691737033272466,0.0,0.0,0.0
RF Class Weight | 8 Features,4,0.8080357142857143,0.2552337339571382,1.0,0.16666666666666666,0.2857142857142857
RF Class Weight | 8 Features,5,0.837202380952381,0.30898864216150546,0.5,0.3333333333333333,0.4
RF Class Weight | 8 Features,6,0.7535714285714284,0.25766921757487793,0.6666666666666666,0.3333333333333333,0.4444444444444444
RF Class Weight | 8 Features,7,0.5580357142857142,0.19142209188221457,0.3333333333333333,0.16666666666666666,0.2222222222222222
RF Class Weight | 8 Features,8,0.8648809523809524,0.25442716699203466,1.0,0.16666666666666666,0.2857142857142857
RF Class Weight | 8 Features,9,0.7339285714285715,0.20073508971764253,0.5,0.16666666666666666,0.25
RF Class Weight | 8 Features,10,0.6910714285714286,0.11765253627998726,0.25,0.16666666666666666,0.2
RF Class Weight | 8 Features,11,0.6616071428571428,0.20525844860236653,0.25,0.16666666666666666,0.2
RF Class Weight | 8 Features,12,0.7440476190476191,0.2169219669219669,0.3333333333333333,0.3333333333333333,0.3333333333333333
RF Class Weight | 8 Features,13,0.699404761904762,0.20237319282956023,0.2,0.16666666666666666,0.18181818181818182
RF Class Weight | 8 Features,14,0.7455357142857143,0.2293307064382646,0.5,0.16666666666666666,0.25
RF Class Weight | 8 Features,15,0.7708333333333333,0.2483803791993447,0.5,0.16666666666666666,0.25
RF Class Weight | 8 Features,16,0.6851190476190476,0.11584461109777565,0.25,0.16666666666666666,0.2
RF Class Weight | 8 Features,17,0.7136904761904762,0.22367716824238562,0.3333333333333333,0.16666666666666666,0.2222222222222222
RF Class Weight | 8 Features,18,0.7758928571428572,0.17251326687496898,0.0,0.0,0.0
RF Class Weight | 8 Features,19,0.7035714285714286,0.212002646891085,0.5,0.16666666666666666,0.25
RF Class Weight | 8 Features,20,0.7550595238095239,0.24017314609280782,0.25,0.16666666666666666,0.2
RF Class Weight | 8 Features,21,0.7505952380952381,0.10924096388228383,0.25,0.16666666666666666,0.2
RF Class Weight | 8 Features,22,0.6419642857142858,0.2040637895006827,0.3333333333333333,0.16666666666666666,0.2222222222222222
RF Class Weight | 8 Features,23,0.700595238095238,0.23697341655108645,0.25,0.16666666666666666,0.2
RF Class Weight | 8 Features,24,0.8232142857142857,0.15139398959648737,0.25,0.16666666666666666,0.2
RF Class Weight | 8 Features,25,0.6241071428571427,0.04723919462657891,0.0,0.0,0.0
RF Class Weight | 8 Features,26,0.7101190476190475,0.22137314554740167,0.5,0.16666666666666666,0.25
RF Class Weight | 8 Features,27,0.6922619047619047,0.2227235801832576,0.5,0.16666666666666666,0.25
RF Class Weight | 8 Features,28,0.619642857142857,0.048839003186829266,0.0,0.0,0.0
RF Class Weight | 8 Features,29,0.8779761904761905,0.25536569177873525,0.3333333333333333,0.16666666666666666,0.2222222222222222
RF Class Weight | 8 Features,30,0.730952380952381,0.12390562285520268,0.0,0.0,0.0
