Feature,Patient_Value,SHAP_Value,Absolute_Impact,Impact
Hormonal Contraceptives (years),15.0,0.2531448539076957,0.2531448539076957,Supports the CANCER-POSITIVE prediction
First sexual intercourse,20.0,0.12592161610418573,0.12592161610418573,Supports the CANCER-POSITIVE prediction
Age,40.0,0.11802639722582695,0.11802639722582695,Supports the CANCER-POSITIVE prediction
IUD (years),0.0,-0.05231148170790394,0.05231148170790394,Supports the CANCER-NEGATIVE prediction
Number of sexual partners,1.0,-0.030680483600923902,0.030680483600923902,Supports the CANCER-NEGATIVE prediction
STDs:HPV,0.0,-0.028568871582833586,0.028568871582833586,Supports the CANCER-NEGATIVE prediction
IUD,0.0,-0.023648610701557837,0.023648610701557837,Supports the CANCER-NEGATIVE prediction
Num of pregnancies,2.0,0.014049217256105792,0.014049217256105792,Supports the CANCER-POSITIVE prediction
Smokes (packs/year),0.0,0.00870137970057569,0.00870137970057569,Supports the CANCER-POSITIVE prediction
Smokes,0.0,0.007568461827528319,0.007568461827528319,Supports the CANCER-POSITIVE prediction
