Model,Number_of_Features,Threshold,Precision,Recall,F1,Specificity,Accuracy,ROC_AUC,PR_AUC,TN,FP,FN,TP
RF + SMOTE | 26 Features,26,0.05,0.023809523809523808,0.2777777777777778,0.043859649122807015,0.7559523809523809,0.745920745920746,0.5319444444444444,0.18637261393001361,635,205,13,5
RF + SMOTE | 26 Features,26,0.1,0.04310344827586207,0.2777777777777778,0.07462686567164178,0.8678571428571429,0.8554778554778555,0.5319444444444444,0.18637261393001361,729,111,13,5
RF + SMOTE | 26 Features,26,0.15,0.06944444444444445,0.2777777777777778,0.1111111111111111,0.9202380952380952,0.9067599067599068,0.5319444444444444,0.18637261393001361,773,67,13,5
RF + SMOTE | 26 Features,26,0.2,0.09259259259259259,0.2777777777777778,0.1388888888888889,0.9416666666666667,0.9277389277389277,0.5319444444444444,0.18637261393001361,791,49,13,5
RF + SMOTE | 26 Features,26,0.25,0.1388888888888889,0.2777777777777778,0.18518518518518517,0.9630952380952381,0.9487179487179487,0.5319444444444444,0.18637261393001361,809,31,13,5
RF + SMOTE | 26 Features,26,0.3,0.1724137931034483,0.2777777777777778,0.2127659574468085,0.9714285714285714,0.9568764568764568,0.5319444444444444,0.18637261393001361,816,24,13,5
RF + SMOTE | 26 Features,26,0.35,0.21052631578947367,0.2222222222222222,0.21621621621621623,0.9821428571428571,0.9662004662004662,0.5319444444444444,0.18637261393001361,825,15,14,4
RF + SMOTE | 26 Features,26,0.4,0.26666666666666666,0.2222222222222222,0.24242424242424243,0.986904761904762,0.9708624708624709,0.5319444444444444,0.18637261393001361,829,11,14,4
RF + SMOTE | 26 Features,26,0.45,0.3333333333333333,0.16666666666666666,0.2222222222222222,0.9928571428571429,0.9755244755244755,0.5319444444444444,0.18637261393001361,834,6,15,3
RF + SMOTE | 26 Features,26,0.5,0.4,0.1111111111111111,0.17391304347826086,0.9964285714285714,0.9778554778554779,0.5319444444444444,0.18637261393001361,837,3,16,2
RF Class Weight | 26 Features,26,0.05,0.03608247422680412,0.3888888888888889,0.0660377358490566,0.7773809523809524,0.7692307692307693,0.5831679894179893,0.15165940011030088,653,187,11,7
RF Class Weight | 26 Features,26,0.1,0.0594059405940594,0.3333333333333333,0.10084033613445378,0.8869047619047619,0.8752913752913752,0.5831679894179893,0.15165940011030088,745,95,12,6
RF Class Weight | 26 Features,26,0.15,0.07936507936507936,0.2777777777777778,0.12345679012345678,0.930952380952381,0.9172494172494172,0.5831679894179893,0.15165940011030088,782,58,13,5
RF Class Weight | 26 Features,26,0.2,0.12195121951219512,0.2777777777777778,0.1694915254237288,0.9571428571428572,0.9428904428904429,0.5831679894179893,0.15165940011030088,804,36,13,5
RF Class Weight | 26 Features,26,0.25,0.14285714285714285,0.2222222222222222,0.17391304347826086,0.9714285714285714,0.9557109557109557,0.5831679894179893,0.15165940011030088,816,24,14,4
RF Class Weight | 26 Features,26,0.3,0.18181818181818182,0.2222222222222222,0.2,0.9785714285714285,0.9627039627039627,0.5831679894179893,0.15165940011030088,822,18,14,4
RF Class Weight | 26 Features,26,0.35,0.1875,0.16666666666666666,0.17647058823529413,0.9845238095238096,0.9673659673659674,0.5831679894179893,0.15165940011030088,827,13,15,3
RF Class Weight | 26 Features,26,0.4,0.21428571428571427,0.16666666666666666,0.1875,0.986904761904762,0.9696969696969697,0.5831679894179893,0.15165940011030088,829,11,15,3
RF Class Weight | 26 Features,26,0.45,0.3,0.16666666666666666,0.21428571428571427,0.9916666666666667,0.9743589743589743,0.5831679894179893,0.15165940011030088,833,7,15,3
RF Class Weight | 26 Features,26,0.5,0.2857142857142857,0.1111111111111111,0.16,0.9940476190476191,0.9755244755244755,0.5831679894179893,0.15165940011030088,835,5,16,2
RF Class Weight | 8 Features,8,0.05,0.03314917127071823,0.3333333333333333,0.06030150753768844,0.7916666666666666,0.782051282051282,0.6285383597883598,0.13118539654688371,665,175,12,6
RF Class Weight | 8 Features,8,0.1,0.05825242718446602,0.3333333333333333,0.09917355371900827,0.8845238095238095,0.872960372960373,0.6285383597883598,0.13118539654688371,743,97,12,6
RF Class Weight | 8 Features,8,0.15,0.0625,0.2222222222222222,0.0975609756097561,0.9285714285714286,0.9137529137529138,0.6285383597883598,0.13118539654688371,780,60,14,4
RF Class Weight | 8 Features,8,0.2,0.06976744186046512,0.16666666666666666,0.09836065573770492,0.9523809523809523,0.9358974358974359,0.6285383597883598,0.13118539654688371,800,40,15,3
RF Class Weight | 8 Features,8,0.25,0.10344827586206896,0.16666666666666666,0.1276595744680851,0.969047619047619,0.9522144522144522,0.6285383597883598,0.13118539654688371,814,26,15,3
RF Class Weight | 8 Features,8,0.3,0.11538461538461539,0.16666666666666666,0.13636363636363635,0.9726190476190476,0.9557109557109557,0.6285383597883598,0.13118539654688371,817,23,15,3
RF Class Weight | 8 Features,8,0.35,0.14285714285714285,0.16666666666666666,0.15384615384615385,0.9785714285714285,0.9615384615384616,0.6285383597883598,0.13118539654688371,822,18,15,3
RF Class Weight | 8 Features,8,0.4,0.14285714285714285,0.1111111111111111,0.125,0.9857142857142858,0.9673659673659674,0.6285383597883598,0.13118539654688371,828,12,16,2
RF Class Weight | 8 Features,8,0.45,0.18181818181818182,0.1111111111111111,0.13793103448275862,0.9892857142857143,0.9708624708624709,0.6285383597883598,0.13118539654688371,831,9,16,2
RF Class Weight | 8 Features,8,0.5,0.25,0.1111111111111111,0.15384615384615385,0.9928571428571429,0.9743589743589743,0.6285383597883598,0.13118539654688371,834,6,16,2
