patient_id,actual_biopsy,predicted_biopsy,biopsy_positive_probability,actual_hpv,predicted_hpv,hpv_positive_probability
3,0,0,2.0,1,1,53.0
6,1,1,94.0,0,0,1.0
8,0,0,4.0,1,1,88.0
22,1,1,91.0,0,0,0.0
23,1,1,80.0,1,1,97.0
41,1,1,92.0,0,0,7.0
44,1,1,64.0,0,0,2.0
57,0,1,59.0,0,0,0.0
64,1,1,89.0,1,1,92.0
93,1,1,87.0,0,0,0.0
96,1,1,90.0,0,0,3.0
103,1,1,100.0,0,0,9.0
131,1,1,90.0,0,0,0.0
163,1,1,82.0,0,0,0.0
185,1,1,91.0,0,0,0.0
188,0,0,4.0,1,1,97.0
203,1,1,89.0,0,0,3.0
205,1,1,85.0,0,0,0.0
214,1,1,97.0,0,0,0.0
216,1,1,96.0,0,0,1.0
224,1,1,90.0,0,0,1.0
257,1,1,61.0,0,0,0.0
264,1,1,52.0,0,0,0.0
314,1,1,85.0,0,0,1.0
320,1,1,55.0,0,0,0.0
335,1,1,96.0,1,1,97.0
345,1,1,91.0,0,0,0.0
354,0,1,89.0,0,0,2.0
370,1,1,82.0,0,0,0.0
372,0,0,13.0,1,1,69.0
377,1,1,67.0,0,0,0.0
383,1,1,96.0,0,0,1.0
421,1,1,67.0,0,0,0.0
472,1,1,95.0,0,0,0.0
496,1,1,91.0,0,0,1.0
530,1,1,82.0,0,0,0.0
539,1,1,81.0,0,0,0.0
549,1,1,95.0,0,0,2.0
578,1,1,87.0,1,1,62.0
598,1,1,91.0,0,0,0.0
610,1,1,94.0,1,1,97.0
614,1,1,92.0,0,0,0.0
653,1,1,96.0,0,0,2.0
655,1,1,93.0,0,0,7.0
664,1,1,92.0,0,0,10.0
669,0,0,22.0,1,1,96.0
671,1,1,95.0,0,0,1.0
673,1,1,95.0,0,0,3.0
686,1,1,95.0,0,0,0.0
687,1,1,93.0,0,0,0.0
688,1,1,95.0,0,0,1.0
693,1,1,94.0,0,0,0.0
727,0,0,6.0,1,1,100.0
738,0,0,19.0,1,1,94.0
739,1,1,87.0,0,0,3.0
753,1,1,76.0,0,0,0.0
754,1,1,86.0,0,0,1.0
763,0,0,7.0,1,1,96.0
775,0,0,6.0,1,1,99.0
781,1,1,90.0,0,0,0.0
786,1,1,90.0,0,0,0.0
797,1,1,92.0,1,1,99.0
814,1,1,71.0,0,0,0.0
822,0,0,3.0,1,1,96.0
849,0,0,3.0,1,1,89.0
