Model,Threshold,Precision_Mean,Recall_Mean,F1_Mean,Specificity_Mean,ROC_AUC_Mean,PR_AUC_Mean
Tuned RF + SMOTE,0.05,0.04682532848296198,0.4666666666666667,0.08465315611398257,0.7945238095238095,0.695138888888889,0.1913743095964263
Tuned RF + SMOTE,0.1,0.06325247916442717,0.38333333333333336,0.10774819335269477,0.8763095238095239,0.695138888888889,0.1913743095964263
Tuned RF + SMOTE,0.15,0.07664593607280111,0.3222222222222222,0.12222958823197942,0.9149999999999999,0.695138888888889,0.1913743095964263
Tuned RF + SMOTE,0.2,0.09274158755301568,0.27777777777777773,0.1362132912947475,0.9395238095238095,0.695138888888889,0.1913743095964263
Tuned RF + SMOTE,0.25,0.13500877175799778,0.26666666666666666,0.1728180943907152,0.9596428571428571,0.695138888888889,0.1913743095964263
Tuned RF + SMOTE,0.3,0.17538216413216415,0.23888888888888887,0.1914407872638007,0.9717857142857143,0.695138888888889,0.1913743095964263
Tuned RF + SMOTE,0.35,0.21642246642246643,0.2,0.18540227316543106,0.9804761904761905,0.695138888888889,0.1913743095964263
Tuned RF + SMOTE,0.4,0.25736485736485737,0.17777777777777776,0.19011012665811428,0.9852380952380952,0.695138888888889,0.1913743095964263
Tuned RF + SMOTE,0.45,0.28613756613756614,0.16666666666666666,0.19158230658230657,0.9886904761904761,0.695138888888889,0.1913743095964263
Tuned RF + SMOTE,0.5,0.28226190476190477,0.13888888888888887,0.1709952084952085,0.9909523809523809,0.695138888888889,0.1913743095964263
Tuned RF Class Weight,0.05,0.03221058778600468,0.6888888888888889,0.06150408657948861,0.5583333333333333,0.7258531746031747,0.23529663864549857
Tuned RF Class Weight,0.1,0.05785135778119195,0.5,0.10335327597137713,0.8239285714285713,0.7258531746031747,0.23529663864549857
Tuned RF Class Weight,0.15,0.09761976842169447,0.3944444444444445,0.15475638206067485,0.9184523809523809,0.7258531746031747,0.23529663864549857
Tuned RF Class Weight,0.2,0.14908544814891564,0.31666666666666665,0.19595483436760863,0.9575,0.7258531746031747,0.23529663864549857
Tuned RF Class Weight,0.25,0.22218855218855219,0.25555555555555554,0.22326862679803855,0.9766666666666667,0.7258531746031747,0.23529663864549857
Tuned RF Class Weight,0.3,0.3035938135938136,0.2333333333333333,0.24275421459631985,0.9845238095238095,0.7258531746031747,0.23529663864549857
Tuned RF Class Weight,0.35,0.38337301587301587,0.18333333333333332,0.2292984792984793,0.9910714285714286,0.7258531746031747,0.23529663864549857
Tuned RF Class Weight,0.4,0.4388888888888889,0.15,0.20955026455026454,0.9953571428571429,0.7258531746031747,0.23529663864549857
Tuned RF Class Weight,0.45,0.58,0.12777777777777777,0.201010101010101,0.9979761904761905,0.7258531746031747,0.23529663864549857
Tuned RF Class Weight,0.5,0.4166666666666667,0.07222222222222222,0.12261904761904761,0.9994047619047619,0.7258531746031747,0.23529663864549857
